,type,parent_path,name,last_modified,size
0,file,/umms-kdiba/Data/Output/collected_outputs/,"2026-09-16_1120AM-kdiba_gor01_two_2006-6-09_22-24-40__withNormalComputedReplays-qclu_[1, 2, 4, 6, 7, 8, 9]-frateThresh_2.0-(perfmnc_session)_tbin-0.075.csv",2026-09-16 15:29:08+00:00,92766
1,file,/umms-kdiba/Data/Output/collected_outputs/,"2026-09-16_1120AM-kdiba_gor01_two_2006-6-09_22-24-40__withNormalComputedReplays-qclu_[1, 2, 4, 6, 7, 8, 9]-frateThresh_2.0-(FAT)_tbin-0.075.csv",2026-09-16 15:29:07+00:00,50943072
2,file,/umms-kdiba/Data/Output/collected_outputs/,"2026-09-16_1120AM-kdiba_gor01_one_2006-6-08_14-26-15__withNormalComputedReplays-qclu_[1, 2, 4, 6, 7, 8, 9]-frateThresh_2.0-(FAT)_tbin-0.075.csv",2026-09-16 15:27:01+00:00,42706112
3,file,/umms-kdiba/Data/Output/collected_outputs/,"2026-09-16_1120AM-kdiba_gor01_one_2006-6-08_14-26-15__withNormalComputedReplays-qclu_[1, 2, 4, 6, 7, 8, 9]-frateThresh_2.0-(perfmnc_session)_tbin-0.075.csv",2026-09-16 15:27:01+00:00,82569
4,file,/umms-kdiba/Data/Output/collected_outputs/,"2026-09-16_1120AM-kdiba_gor01_one_2006-6-09_1-22-43__withNormalComputedReplays-qclu_[1, 2, 4, 6, 7, 8, 9]-frateThresh_2.0-(perfmnc_session)_tbin-0.075.csv",2026-09-16 15:21:34+00:00,57887
5,file,/umms-kdiba/Data/Output/collected_outputs/,"2026-09-16_1120AM-kdiba_gor01_one_2006-6-09_1-22-43__withNormalComputedReplays-qclu_[1, 2, 4, 6, 7, 8, 9]-frateThresh_2.0-(FAT)_tbin-0.075.csv",2026-09-16 15:21:33+00:00,38038538
6,file,/umms-kdiba/Data/Output/collected_outputs/,"2026-09-16_1110AM-kdiba_gor01_two_2006-6-07_16-40-19__withNormalComputedReplays-qclu_[1, 2, 4, 6, 7, 8, 9]-frateThresh_2.0-(FAT)_tbin-0.075.csv",2026-09-16 15:17:49+00:00,48853487
7,file,/umms-kdiba/Data/Output/collected_outputs/,"2026-09-16_1110AM-kdiba_gor01_two_2006-6-07_16-40-19__withNormalComputedReplays-qclu_[1, 2, 4, 6, 7, 8, 9]-frateThresh_2.0-(perfmnc_session)_tbin-0.075.csv",2026-09-16 15:17:49+00:00,95556
8,file,/umms-kdiba/Data/Output/collected_outputs/,"2026-09-16_1110AM-kdiba_pin01_one_fet11-01_12-58-54__withNormalComputedReplays-qclu_[1, 2, 4, 6, 7, 8, 9]-frateThresh_2.0-(FAT)_tbin-0.075.csv",2026-09-16 15:14:44+00:00,56439597
9,file,/umms-kdiba/Data/Output/collected_outputs/,"2026-09-16_1110AM-kdiba_pin01_one_fet11-01_12-58-54__withNormalComputedReplays-qclu_[1, 2, 4, 6, 7, 8, 9]-frateThresh_2.0-(perfmnc_session)_tbin-0.075.csv",2026-09-16 15:14:44+00:00,89507
10,file,/umms-kdiba/Data/Output/collected_outputs/,"2026-09-16_1050AM-kdiba_gor01_two_2006-6-08_21-16-25__withNormalComputedReplays-qclu_[1, 2, 4, 6, 7, 8, 9]-frateThresh_2.0-(FAT)_tbin-0.075.csv",2026-09-16 14:58:48+00:00,28779711
11,file,/umms-kdiba/Data/Output/collected_outputs/,"2026-09-16_1050AM-kdiba_gor01_two_2006-6-08_21-16-25__withNormalComputedReplays-qclu_[1, 2, 4, 6, 7, 8, 9]-frateThresh_2.0-(perfmnc_session)_tbin-0.075.csv",2026-09-16 14:58:48+00:00,28089
12,file,/umms-kdiba/Data/Output/collected_outputs/,"2026-09-16_1050AM-kdiba_pin01_one_11-02_17-46-44__withNormalComputedReplays-qclu_[1, 2, 4, 6, 7, 8, 9]-frateThresh_2.0-(FAT)_tbin-0.075.csv",2026-09-16 14:55:27+00:00,34723523
13,file,/umms-kdiba/Data/Output/collected_outputs/,"2026-09-16_1050AM-kdiba_pin01_one_11-02_17-46-44__withNormalComputedReplays-qclu_[1, 2, 4, 6, 7, 8, 9]-frateThresh_2.0-(perfmnc_session)_tbin-0.075.csv",2026-09-16 14:55:27+00:00,33865
14,file,/umms-kdiba/Data/Output/collected_outputs/,"2026-09-16_1040AM-kdiba_vvp01_two_2006-4-09_16-40-54__withNormalComputedReplays-qclu_[1, 2, 4, 6, 7, 8, 9]-frateThresh_2.0-(perfmnc_session)_tbin-0.075.csv",2026-09-16 14:49:18+00:00,20810
15,file,/umms-kdiba/Data/Output/collected_outputs/,"2026-09-16_1040AM-kdiba_vvp01_two_2006-4-09_16-40-54__withNormalComputedReplays-qclu_[1, 2, 4, 6, 7, 8, 9]-frateThresh_2.0-(FAT)_tbin-0.075.csv",2026-09-16 14:49:17+00:00,31706415
16,file,/umms-kdiba/Data/Output/collected_outputs/,"2026-09-16_1040AM-kdiba_vvp01_two_2006-4-10_12-58-3__withNormalComputedReplays-qclu_[1, 2, 4, 6, 7, 8, 9]-frateThresh_2.0-(FAT)_tbin-0.075.csv",2026-09-16 14:48:23+00:00,25880162
17,file,/umms-kdiba/Data/Output/collected_outputs/,"2026-09-16_1040AM-kdiba_vvp01_two_2006-4-10_12-58-3__withNormalComputedReplays-qclu_[1, 2, 4, 6, 7, 8, 9]-frateThresh_2.0-(perfmnc_session)_tbin-0.075.csv",2026-09-16 14:48:23+00:00,20880
18,file,/umms-kdiba/Data/Output/collected_outputs/,"2026-09-16_1040AM-kdiba_gor01_one_2006-6-12_15-55-31__withNormalComputedReplays-qclu_[1, 2, 4, 6, 7, 8, 9]-frateThresh_2.0-(FAT)_tbin-0.075.csv",2026-09-16 14:48:08+00:00,23361168
19,file,/umms-kdiba/Data/Output/collected_outputs/,"2026-09-16_1040AM-kdiba_gor01_one_2006-6-12_15-55-31__withNormalComputedReplays-qclu_[1, 2, 4, 6, 7, 8, 9]-frateThresh_2.0-(perfmnc_session)_tbin-0.075.csv",2026-09-16 14:48:08+00:00,24793
20,file,/umms-kdiba/Data/Output/collected_outputs/,"2026-09-16_1040AM-kdiba_gor01_two_2006-6-12_16-53-46__withNormalComputedReplays-qclu_[1, 2, 4, 6, 7, 8, 9]-frateThresh_2.0-(FAT)_tbin-0.075.csv",2026-09-16 14:46:55+00:00,20827162
21,file,/umms-kdiba/Data/Output/collected_outputs/,"2026-09-16_1040AM-kdiba_gor01_two_2006-6-12_16-53-46__withNormalComputedReplays-qclu_[1, 2, 4, 6, 7, 8, 9]-frateThresh_2.0-(perfmnc_session)_tbin-0.075.csv",2026-09-16 14:46:55+00:00,23610
22,file,/umms-kdiba/Data/Output/collected_outputs/,"2026-09-16_1040AM-kdiba_pin01_one_11-03_12-3-25__withNormalComputedReplays-qclu_[1, 2, 4, 6, 7, 8, 9]-frateThresh_2.0-(FAT)_tbin-0.075.csv",2026-09-16 14:45:13+00:00,22025123
23,file,/umms-kdiba/Data/Output/collected_outputs/,"2026-09-16_1040AM-kdiba_pin01_one_11-03_12-3-25__withNormalComputedReplays-qclu_[1, 2, 4, 6, 7, 8, 9]-frateThresh_2.0-(perfmnc_session)_tbin-0.075.csv",2026-09-16 14:45:13+00:00,14434
24,file,/umms-kdiba/Data/Output/collected_outputs/,"2026-09-15_0710PM-kdiba_gor01_two_2006-6-09_22-24-40__withNormalComputedReplays-qclu_[1, 2, 4, 6, 7, 8, 9]-frateThresh_2.0-(FAT)_tbin-0.075.csv",2026-09-15 23:19:05+00:00,50943072
25,file,/umms-kdiba/Data/Output/collected_outputs/,"2026-09-15_0710PM-kdiba_gor01_two_2006-6-09_22-24-40__withNormalComputedReplays-qclu_[1, 2, 4, 6, 7, 8, 9]-frateThresh_2.0-(perfmnc_session)_tbin-0.075.csv",2026-09-15 23:19:05+00:00,92766
26,file,/umms-kdiba/Data/Output/collected_outputs/,"2026-09-15_0710PM-kdiba_gor01_two_2006-6-07_16-40-19__withNormalComputedReplays-qclu_[1, 2, 4, 6, 7, 8, 9]-frateThresh_2.0-(perfmnc_session)_tbin-0.075.csv",2026-09-15 23:10:58+00:00,95556
27,file,/umms-kdiba/Data/Output/collected_outputs/,"2026-09-15_0710PM-kdiba_gor01_two_2006-6-07_16-40-19__withNormalComputedReplays-qclu_[1, 2, 4, 6, 7, 8, 9]-frateThresh_2.0-(FAT)_tbin-0.075.csv",2026-09-15 23:10:57+00:00,48853487
28,file,/umms-kdiba/Data/Output/collected_outputs/,"2026-09-15_0700PM-kdiba_gor01_one_2006-6-08_14-26-15__withNormalComputedReplays-qclu_[1, 2, 4, 6, 7, 8, 9]-frateThresh_2.0-(FAT)_tbin-0.075.csv",2026-09-15 23:09:41+00:00,42706112
29,file,/umms-kdiba/Data/Output/collected_outputs/,"2026-09-15_0700PM-kdiba_gor01_one_2006-6-08_14-26-15__withNormalComputedReplays-qclu_[1, 2, 4, 6, 7, 8, 9]-frateThresh_2.0-(perfmnc_session)_tbin-0.075.csv",2026-09-15 23:09:41+00:00,82569
30,file,/umms-kdiba/Data/Output/collected_outputs/,"2026-09-15_0700PM-kdiba_gor01_one_2006-6-09_1-22-43__withNormalComputedReplays-qclu_[1, 2, 4, 6, 7, 8, 9]-frateThresh_2.0-(FAT)_tbin-0.075.csv",2026-09-15 23:08:52+00:00,38038538
31,file,/umms-kdiba/Data/Output/collected_outputs/,"2026-09-15_0700PM-kdiba_gor01_one_2006-6-09_1-22-43__withNormalComputedReplays-qclu_[1, 2, 4, 6, 7, 8, 9]-frateThresh_2.0-(perfmnc_session)_tbin-0.075.csv",2026-09-15 23:08:52+00:00,57887
32,file,/umms-kdiba/Data/Output/collected_outputs/,"2026-09-15_0700PM-kdiba_pin01_one_fet11-01_12-58-54__withNormalComputedReplays-qclu_[1, 2, 4, 6, 7, 8, 9]-frateThresh_2.0-(perfmnc_session)_tbin-0.075.csv",2026-09-15 23:07:00+00:00,89507
33,file,/umms-kdiba/Data/Output/collected_outputs/,"2026-09-15_0700PM-kdiba_pin01_one_fet11-01_12-58-54__withNormalComputedReplays-qclu_[1, 2, 4, 6, 7, 8, 9]-frateThresh_2.0-(FAT)_tbin-0.075.csv",2026-09-15 23:06:59+00:00,56439597
34,file,/umms-kdiba/Data/Output/collected_outputs/,"2026-09-15_0650PM-kdiba_pin01_one_11-02_17-46-44__withNormalComputedReplays-qclu_[1, 2, 4, 6, 7, 8, 9]-frateThresh_2.0-(FAT)_tbin-0.075.csv",2026-09-15 22:52:29+00:00,34723523
35,file,/umms-kdiba/Data/Output/collected_outputs/,"2026-09-15_0650PM-kdiba_pin01_one_11-02_17-46-44__withNormalComputedReplays-qclu_[1, 2, 4, 6, 7, 8, 9]-frateThresh_2.0-(perfmnc_session)_tbin-0.075.csv",2026-09-15 22:52:29+00:00,33865
36,file,/umms-kdiba/Data/Output/collected_outputs/,"2026-09-15_0640PM-kdiba_gor01_two_2006-6-08_21-16-25__withNormalComputedReplays-qclu_[1, 2, 4, 6, 7, 8, 9]-frateThresh_2.0-(FAT)_tbin-0.075.csv",2026-09-15 22:47:27+00:00,28779711
37,file,/umms-kdiba/Data/Output/collected_outputs/,"2026-09-15_0640PM-kdiba_gor01_two_2006-6-08_21-16-25__withNormalComputedReplays-qclu_[1, 2, 4, 6, 7, 8, 9]-frateThresh_2.0-(perfmnc_session)_tbin-0.075.csv",2026-09-15 22:47:27+00:00,28089
38,file,/umms-kdiba/Data/Output/collected_outputs/,"2026-09-15_0640PM-kdiba_pin01_one_11-03_12-3-25__withNormalComputedReplays-qclu_[1, 2, 4, 6, 7, 8, 9]-frateThresh_2.0-(FAT)_tbin-0.075.csv",2026-09-15 22:42:56+00:00,22025123
39,file,/umms-kdiba/Data/Output/collected_outputs/,"2026-09-15_0640PM-kdiba_pin01_one_11-03_12-3-25__withNormalComputedReplays-qclu_[1, 2, 4, 6, 7, 8, 9]-frateThresh_2.0-(perfmnc_session)_tbin-0.075.csv",2026-09-15 22:42:56+00:00,14434
40,file,/umms-kdiba/Data/Output/collected_outputs/,"2026-09-15_0640PM-kdiba_vvp01_two_2006-4-10_12-58-3__withNormalComputedReplays-qclu_[1, 2, 4, 6, 7, 8, 9]-frateThresh_2.0-(FAT)_tbin-0.075.csv",2026-09-15 22:41:44+00:00,25880162
41,file,/umms-kdiba/Data/Output/collected_outputs/,"2026-09-15_0640PM-kdiba_vvp01_two_2006-4-10_12-58-3__withNormalComputedReplays-qclu_[1, 2, 4, 6, 7, 8, 9]-frateThresh_2.0-(perfmnc_session)_tbin-0.075.csv",2026-09-15 22:41:44+00:00,20880
42,file,/umms-kdiba/Data/Output/collected_outputs/,"2026-09-15_0640PM-kdiba_vvp01_two_2006-4-09_16-40-54__withNormalComputedReplays-qclu_[1, 2, 4, 6, 7, 8, 9]-frateThresh_2.0-(FAT)_tbin-0.075.csv",2026-09-15 22:40:25+00:00,31706415
43,file,/umms-kdiba/Data/Output/collected_outputs/,"2026-09-15_0640PM-kdiba_vvp01_two_2006-4-09_16-40-54__withNormalComputedReplays-qclu_[1, 2, 4, 6, 7, 8, 9]-frateThresh_2.0-(perfmnc_session)_tbin-0.075.csv",2026-09-15 22:40:25+00:00,20810
44,file,/umms-kdiba/Data/Output/collected_outputs/,"2026-09-15_0630PM-kdiba_gor01_two_2006-6-12_16-53-46__withNormalComputedReplays-qclu_[1, 2, 4, 6, 7, 8, 9]-frateThresh_2.0-(FAT)_tbin-0.075.csv",2026-09-15 22:39:45+00:00,20827162
45,file,/umms-kdiba/Data/Output/collected_outputs/,"2026-09-15_0630PM-kdiba_gor01_two_2006-6-12_16-53-46__withNormalComputedReplays-qclu_[1, 2, 4, 6, 7, 8, 9]-frateThresh_2.0-(perfmnc_session)_tbin-0.075.csv",2026-09-15 22:39:45+00:00,23610
46,file,/umms-kdiba/Data/Output/collected_outputs/,"2026-09-15_0630PM-kdiba_gor01_one_2006-6-12_15-55-31__withNormalComputedReplays-qclu_[1, 2, 4, 6, 7, 8, 9]-frateThresh_2.0-(FAT)_tbin-0.075.csv",2026-09-15 22:38:51+00:00,23361168
47,file,/umms-kdiba/Data/Output/collected_outputs/,"2026-09-15_0630PM-kdiba_gor01_one_2006-6-12_15-55-31__withNormalComputedReplays-qclu_[1, 2, 4, 6, 7, 8, 9]-frateThresh_2.0-(perfmnc_session)_tbin-0.075.csv",2026-09-15 22:38:51+00:00,24793
48,file,/umms-kdiba/Data/Output/collected_outputs/,"2026-09-15_0140PM-kdiba_gor01_two_2006-6-09_22-24-40__withNormalComputedReplays-qclu_[1, 2, 4, 6, 7, 8, 9]-frateThresh_2.0-(FAT)_tbin-0.075.csv",2026-09-15 17:48:29+00:00,50943072
49,file,/umms-kdiba/Data/Output/collected_outputs/,"2026-09-15_0140PM-kdiba_gor01_two_2006-6-09_22-24-40__withNormalComputedReplays-qclu_[1, 2, 4, 6, 7, 8, 9]-frateThresh_2.0-(perfmnc_session)_tbin-0.075.csv",2026-09-15 17:48:29+00:00,92766
50,file,/umms-kdiba/Data/Output/collected_outputs/,"2026-09-15_0130PM-kdiba_pin01_one_fet11-01_12-58-54__withNormalComputedReplays-qclu_[1, 2, 4, 6, 7, 8, 9]-frateThresh_2.0-(perfmnc_session)_tbin-0.075.csv",2026-09-15 17:37:35+00:00,89507
51,file,/umms-kdiba/Data/Output/collected_outputs/,"2026-09-15_0130PM-kdiba_pin01_one_fet11-01_12-58-54__withNormalComputedReplays-qclu_[1, 2, 4, 6, 7, 8, 9]-frateThresh_2.0-(FAT)_tbin-0.075.csv",2026-09-15 17:37:34+00:00,56439597
52,file,/umms-kdiba/Data/Output/collected_outputs/,"2026-09-15_0130PM-kdiba_gor01_one_2006-6-08_14-26-15__withNormalComputedReplays-qclu_[1, 2, 4, 6, 7, 8, 9]-frateThresh_2.0-(FAT)_tbin-0.075.csv",2026-09-15 17:37:29+00:00,42706112
53,file,/umms-kdiba/Data/Output/collected_outputs/,"2026-09-15_0130PM-kdiba_gor01_one_2006-6-08_14-26-15__withNormalComputedReplays-qclu_[1, 2, 4, 6, 7, 8, 9]-frateThresh_2.0-(perfmnc_session)_tbin-0.075.csv",2026-09-15 17:37:29+00:00,82569
54,file,/umms-kdiba/Data/Output/collected_outputs/,"2026-09-15_0130PM-kdiba_gor01_two_2006-6-07_16-40-19__withNormalComputedReplays-qclu_[1, 2, 4, 6, 7, 8, 9]-frateThresh_2.0-(perfmnc_session)_tbin-0.075.csv",2026-09-15 17:33:58+00:00,95556
55,file,/umms-kdiba/Data/Output/collected_outputs/,"2026-09-15_0130PM-kdiba_gor01_two_2006-6-07_16-40-19__withNormalComputedReplays-qclu_[1, 2, 4, 6, 7, 8, 9]-frateThresh_2.0-(FAT)_tbin-0.075.csv",2026-09-15 17:33:57+00:00,48853487
56,file,/umms-kdiba/Data/Output/collected_outputs/,"2026-09-15_0130PM-kdiba_gor01_one_2006-6-09_1-22-43__withNormalComputedReplays-qclu_[1, 2, 4, 6, 7, 8, 9]-frateThresh_2.0-(perfmnc_session)_tbin-0.075.csv",2026-09-15 17:31:52+00:00,57887
57,file,/umms-kdiba/Data/Output/collected_outputs/,"2026-09-15_0130PM-kdiba_gor01_one_2006-6-09_1-22-43__withNormalComputedReplays-qclu_[1, 2, 4, 6, 7, 8, 9]-frateThresh_2.0-(FAT)_tbin-0.075.csv",2026-09-15 17:31:51+00:00,38038538
58,file,/umms-kdiba/Data/Output/collected_outputs/,"2026-09-15_0110PM-kdiba_pin01_one_11-02_17-46-44__withNormalComputedReplays-qclu_[1, 2, 4, 6, 7, 8, 9]-frateThresh_2.0-(perfmnc_session)_tbin-0.075.csv",2026-09-15 17:16:10+00:00,33865
59,file,/umms-kdiba/Data/Output/collected_outputs/,"2026-09-15_0110PM-kdiba_pin01_one_11-02_17-46-44__withNormalComputedReplays-qclu_[1, 2, 4, 6, 7, 8, 9]-frateThresh_2.0-(FAT)_tbin-0.075.csv",2026-09-15 17:16:09+00:00,34723523
60,file,/umms-kdiba/Data/Output/collected_outputs/,"2026-09-15_0110PM-kdiba_gor01_two_2006-6-08_21-16-25__withNormalComputedReplays-qclu_[1, 2, 4, 6, 7, 8, 9]-frateThresh_2.0-(FAT)_tbin-0.075.csv",2026-09-15 17:14:26+00:00,28779711
61,file,/umms-kdiba/Data/Output/collected_outputs/,"2026-09-15_0110PM-kdiba_gor01_two_2006-6-08_21-16-25__withNormalComputedReplays-qclu_[1, 2, 4, 6, 7, 8, 9]-frateThresh_2.0-(perfmnc_session)_tbin-0.075.csv",2026-09-15 17:14:26+00:00,28089
62,file,/umms-kdiba/Data/Output/collected_outputs/,"2026-09-15_0110PM-kdiba_vvp01_two_2006-4-09_16-40-54__withNormalComputedReplays-qclu_[1, 2, 4, 6, 7, 8, 9]-frateThresh_2.0-(FAT)_tbin-0.075.csv",2026-09-15 17:10:37+00:00,31706415
63,file,/umms-kdiba/Data/Output/collected_outputs/,"2026-09-15_0110PM-kdiba_vvp01_two_2006-4-09_16-40-54__withNormalComputedReplays-qclu_[1, 2, 4, 6, 7, 8, 9]-frateThresh_2.0-(perfmnc_session)_tbin-0.075.csv",2026-09-15 17:10:37+00:00,20810
64,file,/umms-kdiba/Data/Output/collected_outputs/,"2026-09-15_0110PM-kdiba_vvp01_two_2006-4-10_12-58-3__withNormalComputedReplays-qclu_[1, 2, 4, 6, 7, 8, 9]-frateThresh_2.0-(FAT)_tbin-0.075.csv",2026-09-15 17:10:32+00:00,25880162
65,file,/umms-kdiba/Data/Output/collected_outputs/,"2026-09-15_0110PM-kdiba_vvp01_two_2006-4-10_12-58-3__withNormalComputedReplays-qclu_[1, 2, 4, 6, 7, 8, 9]-frateThresh_2.0-(perfmnc_session)_tbin-0.075.csv",2026-09-15 17:10:32+00:00,20880
66,file,/umms-kdiba/Data/Output/collected_outputs/,"2026-09-15_0100PM-kdiba_pin01_one_11-03_12-3-25__withNormalComputedReplays-qclu_[1, 2, 4, 6, 7, 8, 9]-frateThresh_2.0-(FAT)_tbin-0.075.csv",2026-09-15 17:07:43+00:00,22025123
67,file,/umms-kdiba/Data/Output/collected_outputs/,"2026-09-15_0100PM-kdiba_pin01_one_11-03_12-3-25__withNormalComputedReplays-qclu_[1, 2, 4, 6, 7, 8, 9]-frateThresh_2.0-(perfmnc_session)_tbin-0.075.csv",2026-09-15 17:07:43+00:00,14434
68,file,/umms-kdiba/Data/Output/collected_outputs/,"2026-09-15_0100PM-kdiba_gor01_one_2006-6-12_15-55-31__withNormalComputedReplays-qclu_[1, 2, 4, 6, 7, 8, 9]-frateThresh_2.0-(FAT)_tbin-0.075.csv",2026-09-15 17:06:33+00:00,23361168
69,file,/umms-kdiba/Data/Output/collected_outputs/,"2026-09-15_0100PM-kdiba_gor01_one_2006-6-12_15-55-31__withNormalComputedReplays-qclu_[1, 2, 4, 6, 7, 8, 9]-frateThresh_2.0-(perfmnc_session)_tbin-0.075.csv",2026-09-15 17:06:33+00:00,24793
70,file,/umms-kdiba/Data/Output/collected_outputs/,"2026-09-15_0100PM-kdiba_gor01_two_2006-6-12_16-53-46__withNormalComputedReplays-qclu_[1, 2, 4, 6, 7, 8, 9]-frateThresh_2.0-(FAT)_tbin-0.075.csv",2026-09-15 17:05:42+00:00,20827162
71,file,/umms-kdiba/Data/Output/collected_outputs/,"2026-09-15_0100PM-kdiba_gor01_two_2006-6-12_16-53-46__withNormalComputedReplays-qclu_[1, 2, 4, 6, 7, 8, 9]-frateThresh_2.0-(perfmnc_session)_tbin-0.075.csv",2026-09-15 17:05:42+00:00,23610
72,file,/umms-kdiba/Data/Output/collected_outputs/,"2026-09-15_0100PM-kdiba_gor01_two_2006-6-09_22-24-40__withNormalComputedReplays-qclu_[1, 2, 4, 6, 7, 8, 9]-frateThresh_2.0-(FAT)_tbin-0.075.csv",2026-09-15 17:00:08+00:00,50943072
73,file,/umms-kdiba/Data/Output/collected_outputs/,"2026-09-15_0100PM-kdiba_gor01_two_2006-6-09_22-24-40__withNormalComputedReplays-qclu_[1, 2, 4, 6, 7, 8, 9]-frateThresh_2.0-(perfmnc_session)_tbin-0.075.csv",2026-09-15 17:00:08+00:00,92766
74,file,/umms-kdiba/Data/Output/collected_outputs/,"2026-09-15_1250PM-kdiba_gor01_one_2006-6-09_1-22-43__withNormalComputedReplays-qclu_[1, 2, 4, 6, 7, 8, 9]-frateThresh_2.0-(FAT)_tbin-0.075.csv",2026-09-15 16:58:17+00:00,38038538
75,file,/umms-kdiba/Data/Output/collected_outputs/,"2026-09-15_1250PM-kdiba_gor01_one_2006-6-09_1-22-43__withNormalComputedReplays-qclu_[1, 2, 4, 6, 7, 8, 9]-frateThresh_2.0-(perfmnc_session)_tbin-0.075.csv",2026-09-15 16:58:17+00:00,57887
76,file,/umms-kdiba/Data/Output/collected_outputs/,"2026-09-15_1250PM-kdiba_gor01_two_2006-6-07_16-40-19__withNormalComputedReplays-qclu_[1, 2, 4, 6, 7, 8, 9]-frateThresh_2.0-(FAT)_tbin-0.075.csv",2026-09-15 16:55:48+00:00,48853487
77,file,/umms-kdiba/Data/Output/collected_outputs/,"2026-09-15_1250PM-kdiba_gor01_two_2006-6-07_16-40-19__withNormalComputedReplays-qclu_[1, 2, 4, 6, 7, 8, 9]-frateThresh_2.0-(perfmnc_session)_tbin-0.075.csv",2026-09-15 16:55:48+00:00,95556
78,file,/umms-kdiba/Data/Output/collected_outputs/,"2026-09-15_1250PM-kdiba_gor01_one_2006-6-08_14-26-15__withNormalComputedReplays-qclu_[1, 2, 4, 6, 7, 8, 9]-frateThresh_2.0-(perfmnc_session)_tbin-0.075.csv",2026-09-15 16:53:49+00:00,82569
79,file,/umms-kdiba/Data/Output/collected_outputs/,"2026-09-15_1250PM-kdiba_gor01_one_2006-6-08_14-26-15__withNormalComputedReplays-qclu_[1, 2, 4, 6, 7, 8, 9]-frateThresh_2.0-(FAT)_tbin-0.075.csv",2026-09-15 16:53:48+00:00,42706112
80,file,/umms-kdiba/Data/Output/collected_outputs/,"2026-09-15_1250PM-kdiba_pin01_one_fet11-01_12-58-54__withNormalComputedReplays-qclu_[1, 2, 4, 6, 7, 8, 9]-frateThresh_2.0-(perfmnc_session)_tbin-0.075.csv",2026-09-15 16:51:52+00:00,89507
81,file,/umms-kdiba/Data/Output/collected_outputs/,"2026-09-15_1250PM-kdiba_pin01_one_fet11-01_12-58-54__withNormalComputedReplays-qclu_[1, 2, 4, 6, 7, 8, 9]-frateThresh_2.0-(FAT)_tbin-0.075.csv",2026-09-15 16:51:51+00:00,56439597
82,file,/umms-kdiba/Data/Output/collected_outputs/,"2026-09-15_1230PM-kdiba_gor01_two_2006-6-08_21-16-25__withNormalComputedReplays-qclu_[1, 2, 4, 6, 7, 8, 9]-frateThresh_2.0-(FAT)_tbin-0.075.csv",2026-09-15 16:33:23+00:00,28779711
83,file,/umms-kdiba/Data/Output/collected_outputs/,"2026-09-15_1230PM-kdiba_gor01_two_2006-6-08_21-16-25__withNormalComputedReplays-qclu_[1, 2, 4, 6, 7, 8, 9]-frateThresh_2.0-(perfmnc_session)_tbin-0.075.csv",2026-09-15 16:33:23+00:00,28089
84,file,/umms-kdiba/Data/Output/collected_outputs/,"2026-09-15_1230PM-kdiba_pin01_one_11-02_17-46-44__withNormalComputedReplays-qclu_[1, 2, 4, 6, 7, 8, 9]-frateThresh_2.0-(FAT)_tbin-0.075.csv",2026-09-15 16:33:12+00:00,34723523
85,file,/umms-kdiba/Data/Output/collected_outputs/,"2026-09-15_1230PM-kdiba_pin01_one_11-02_17-46-44__withNormalComputedReplays-qclu_[1, 2, 4, 6, 7, 8, 9]-frateThresh_2.0-(perfmnc_session)_tbin-0.075.csv",2026-09-15 16:33:12+00:00,33865
86,file,/umms-kdiba/Data/Output/collected_outputs/,"2026-09-15_1220PM-kdiba_vvp01_two_2006-4-09_16-40-54__withNormalComputedReplays-qclu_[1, 2, 4, 6, 7, 8, 9]-frateThresh_2.0-(FAT)_tbin-0.075.csv",2026-09-15 16:26:33+00:00,31706415
87,file,/umms-kdiba/Data/Output/collected_outputs/,"2026-09-15_1220PM-kdiba_vvp01_two_2006-4-09_16-40-54__withNormalComputedReplays-qclu_[1, 2, 4, 6, 7, 8, 9]-frateThresh_2.0-(perfmnc_session)_tbin-0.075.csv",2026-09-15 16:26:33+00:00,20810
88,file,/umms-kdiba/Data/Output/collected_outputs/,"2026-09-15_1220PM-kdiba_vvp01_two_2006-4-10_12-58-3__withNormalComputedReplays-qclu_[1, 2, 4, 6, 7, 8, 9]-frateThresh_2.0-(perfmnc_session)_tbin-0.075.csv",2026-09-15 16:24:55+00:00,20880
89,file,/umms-kdiba/Data/Output/collected_outputs/,"2026-09-15_1220PM-kdiba_vvp01_two_2006-4-10_12-58-3__withNormalComputedReplays-qclu_[1, 2, 4, 6, 7, 8, 9]-frateThresh_2.0-(FAT)_tbin-0.075.csv",2026-09-15 16:24:54+00:00,25880162
90,file,/umms-kdiba/Data/Output/collected_outputs/,"2026-09-15_1220PM-kdiba_pin01_one_11-03_12-3-25__withNormalComputedReplays-qclu_[1, 2, 4, 6, 7, 8, 9]-frateThresh_2.0-(perfmnc_session)_tbin-0.075.csv",2026-09-15 16:24:39+00:00,14434
91,file,/umms-kdiba/Data/Output/collected_outputs/,"2026-09-15_1220PM-kdiba_pin01_one_11-03_12-3-25__withNormalComputedReplays-qclu_[1, 2, 4, 6, 7, 8, 9]-frateThresh_2.0-(FAT)_tbin-0.075.csv",2026-09-15 16:24:38+00:00,22025123
92,file,/umms-kdiba/Data/Output/collected_outputs/,"2026-09-15_1220PM-kdiba_gor01_one_2006-6-12_15-55-31__withNormalComputedReplays-qclu_[1, 2, 4, 6, 7, 8, 9]-frateThresh_2.0-(perfmnc_session)_tbin-0.075.csv",2026-09-15 16:24:05+00:00,24793
93,file,/umms-kdiba/Data/Output/collected_outputs/,"2026-09-15_1220PM-kdiba_gor01_one_2006-6-12_15-55-31__withNormalComputedReplays-qclu_[1, 2, 4, 6, 7, 8, 9]-frateThresh_2.0-(FAT)_tbin-0.075.csv",2026-09-15 16:24:04+00:00,23361168
94,file,/umms-kdiba/Data/Output/collected_outputs/,"2026-09-15_1220PM-kdiba_gor01_two_2006-6-12_16-53-46__withNormalComputedReplays-qclu_[1, 2, 4, 6, 7, 8, 9]-frateThresh_2.0-(FAT)_tbin-0.075.csv",2026-09-15 16:21:46+00:00,20827162
95,file,/umms-kdiba/Data/Output/collected_outputs/,"2026-09-15_1220PM-kdiba_gor01_two_2006-6-12_16-53-46__withNormalComputedReplays-qclu_[1, 2, 4, 6, 7, 8, 9]-frateThresh_2.0-(perfmnc_session)_tbin-0.075.csv",2026-09-15 16:21:46+00:00,23610
96,file,/umms-kdiba/Data/Output/collected_outputs/,"2026-09-14_1110PM-kdiba_gor01_two_2006-6-09_22-24-40__withNormalComputedReplays-qclu_[1, 2]-frateThresh_2.0-(FAT)_tbin-0.075.csv",2026-09-15 03:11:22+00:00,45069635
97,file,/umms-kdiba/Data/Output/collected_outputs/,"2026-09-14_1110PM-kdiba_gor01_two_2006-6-09_22-24-40__withNormalComputedReplays-qclu_[1, 2]-frateThresh_2.0-(perfmnc_session)_tbin-0.075.csv",2026-09-15 03:11:22+00:00,83092
98,file,/umms-kdiba/Data/Output/collected_outputs/,"2026-09-14_1050PM-kdiba_gor01_two_2006-6-07_16-40-19__withNormalComputedReplays-qclu_[1, 2]-frateThresh_2.0-(perfmnc_session)_tbin-0.075.csv",2026-09-15 02:55:31+00:00,83788
99,file,/umms-kdiba/Data/Output/collected_outputs/,"2026-09-14_1050PM-kdiba_gor01_two_2006-6-07_16-40-19__withNormalComputedReplays-qclu_[1, 2]-frateThresh_2.0-(FAT)_tbin-0.075.csv",2026-09-15 02:55:30+00:00,43846329
100,file,/umms-kdiba/Data/Output/collected_outputs/,2026-09-14_GL-2006-6-09_22-24-40_neuron_replay_stats_df.csv,2026-09-15 02:52:56+00:00,25906
101,file,/umms-kdiba/Data/Output/collected_outputs/,2026-09-14_GL-2006-6-07_16-40-19_neuron_replay_stats_df.csv,2026-09-15 02:39:45+00:00,19311
102,file,/umms-kdiba/Data/Output/collected_outputs/,"2026-09-14_1000PM-kdiba_pin01_one_fet11-01_12-58-54__withNormalComputedReplays-qclu_[1, 2]-frateThresh_2.0-(FAT)_tbin-0.075.csv",2026-09-15 02:02:43+00:00,52443316
103,file,/umms-kdiba/Data/Output/collected_outputs/,"2026-09-14_1000PM-kdiba_pin01_one_fet11-01_12-58-54__withNormalComputedReplays-qclu_[1, 2]-frateThresh_2.0-(perfmnc_session)_tbin-0.075.csv",2026-09-15 02:02:43+00:00,76413
104,file,/umms-kdiba/Data/Output/collected_outputs/,"2026-09-14_0950PM-kdiba_gor01_one_2006-6-08_14-26-15__withNormalComputedReplays-qclu_[1, 2]-frateThresh_2.0-(FAT)_tbin-0.075.csv",2026-09-15 01:50:47+00:00,37252487
105,file,/umms-kdiba/Data/Output/collected_outputs/,"2026-09-14_0950PM-kdiba_gor01_one_2006-6-08_14-26-15__withNormalComputedReplays-qclu_[1, 2]-frateThresh_2.0-(perfmnc_session)_tbin-0.075.csv",2026-09-15 01:50:47+00:00,61457
106,file,/umms-kdiba/Data/Output/collected_outputs/,2026-09-14_GL-fet11-01_12-58-54_neuron_replay_stats_df.csv,2026-09-15 01:47:54+00:00,13683
107,file,/umms-kdiba/Data/Output/collected_outputs/,2026-09-14_GL-2006-6-08_14-26-15_neuron_replay_stats_df.csv,2026-09-15 01:36:01+00:00,23672
108,file,/umms-kdiba/Data/Output/collected_outputs/,"2026-09-14_0910PM-kdiba_gor01_one_2006-6-09_1-22-43__withNormalComputedReplays-qclu_[1, 2]-frateThresh_2.0-(FAT)_tbin-0.075.csv",2026-09-15 01:16:45+00:00,33490355
109,file,/umms-kdiba/Data/Output/collected_outputs/,"2026-09-14_0910PM-kdiba_gor01_one_2006-6-09_1-22-43__withNormalComputedReplays-qclu_[1, 2]-frateThresh_2.0-(perfmnc_session)_tbin-0.075.csv",2026-09-15 01:16:45+00:00,49779
110,file,/umms-kdiba/Data/Output/collected_outputs/,2026-09-14_GL-2006-6-09_1-22-43_neuron_replay_stats_df.csv,2026-09-15 01:04:11+00:00,33438
111,file,/umms-kdiba/Data/Output/collected_outputs/,"2026-09-14_0810PM-kdiba_gor01_two_2006-6-08_21-16-25__withNormalComputedReplays-qclu_[1, 2]-frateThresh_2.0-(FAT)_tbin-0.075.csv",2026-09-15 00:19:04+00:00,25073798
112,file,/umms-kdiba/Data/Output/collected_outputs/,"2026-09-14_0810PM-kdiba_gor01_two_2006-6-08_21-16-25__withNormalComputedReplays-qclu_[1, 2]-frateThresh_2.0-(perfmnc_session)_tbin-0.075.csv",2026-09-15 00:19:04+00:00,26276
113,file,/umms-kdiba/Data/Output/collected_outputs/,2026-09-14_GL-2006-6-08_21-16-25_neuron_replay_stats_df.csv,2026-09-15 00:12:52+00:00,27542
